MCQ,CHOICES,Correct
What is the primary focus of machine learning?,a: Developing autonomous vehicles | b: Creating large language models | c: Algorithms that can ‘learn’ from training data | d: Designing expert systems,c
What is the primary goal of machine learning?,a: To optimize a model's performance on a dataset | b: To deploy an AI model in a real-world scenario | c: To translate strong performance on training data to useful results in real-world scenarios | d: To create a rules-based decision tree,c
What is the key characteristic of deep learning?,a: It relies on explicitly defined algorithms | b: It requires very large amounts of data and computational resources | c: It uses distributed ‘networks’ of mathematical operations | d: It is limited to simple decision-making,c
What is the term for the process of adjusting a model's algorithm to reduce error?,a: Model training | b: Model validation | c: Model refinement | d: Model calibration,a
What is the term for the ability of a machine learning model to make accurate predictions on new data?,a: Generalization | b: Overfitting | c: Underfitting | d: Bias,a
What is the primary difference between machine learning and artificial intelligence?,"a: Machine learning is a subset of AI, while AI is a subset of machine learning | b: All machine learning is AI, but not all AI is machine learning | c: Machine learning is a type of expert system, while AI is a type of decision tree | d: Machine learning is a type of deep learning, while AI is a type of traditional machine learning",b
What is the term for a program that can use information to make decisions or predictions without active human involvement?,a: Artificial intelligence | b: Machine learning | c: Expert system | d: Decision tree,a
"What is the term for a series of if-then-else statements, with rules and logic programmed explicitly by a data scientist?",a: Rules-based AI system | b: Machine learning model | c: Deep learning network | d: Expert system,a
What is the primary advantage of machine learning over rules-based models?,a: It is more brittle and less scalable | b: It is more flexible and accessible | c: It is more limited to simple decision-making | d: It is more dependent on explicit programming,b
Who is often credited with coining the term ‘machine learning’?,a: Arthur L. Samuel | b: Marvin Minsky | c: Frank Rosenblatt | d: David Marr,a
